0.298474611,0.234812007,0.111148624,0.196590433,0.528104345,2.434298071,0.040484308,0.377304057,1
0.264563107,0.145214521,0.207920792,0.178217822,0.49321267,2.302083333,0.025316456,0.439320388,1
0.179325915,0.106897229,0.32088819,0.161524858,0.52184769,2.223764575,0.010777521,0.360264473,1
0.473294227,0.331184056,0.043376319,0.102579132,0.526757188,3.110559006,0.033878505,0.381599259,1
0.479062554,0.263645385,0.041018855,0.117763811,0.549137284,2.968819599,0.030199039,0.308288816,1
0.328040419,0.259935553,0.083780881,0.16433942,0.544776119,2.664772727,0.004524887,0.32226633,1
0.518412071,0.300261097,0.044386423,0.072361059,0.535200411,2.620875421,0.02605042,0.454104545,1
0.424189539,0.309790595,0.040595151,0.126561352,0.525386487,2.789623468,0.01194354,0.34068433,1
0.592178923,0.319850736,0.008196175,0.036782835,0.529913851,2.370729412,0.019233852,0.48603185,1
0.431075417,0.28799185,0.063187811,0.077450166,0.567311266,2.527373378,0.0558495,0.417090333,1
0.465978253,0.308106032,0.018824433,0.110769625,0.520292299,2.259334519,0.017497524,0.419339397,1
0.359386185,0.317969132,0.037293107,0.164466792,0.501388803,2.728359717,0.096198883,0.505502863,1
0.592509455,0.279890173,0.044243652,0.067204497,0.536216471,2.794292804,0.054438663,0.288831637,1
0.601758483,0.302740672,0.031802655,0.092106339,0.541876831,2.850903051,0.042555257,0.359511386,1
0.350980392,0.271903323,0.018126888,0.027190332,0.502840909,2.346666667,0.02020202,0.403921569,1
0.463318908,0.30906841,0.012287723,0.038190766,0.518644594,2.364368227,0.02788106,0.422365295,1
0.497819512,0.346522866,0.009734575,0.048252679,0.524249061,2.541887593,0.015925316,0.320496589,1
0.516913445,0.282433113,0.029232312,0.098111182,0.51894464,2.669690824,0.021769068,0.450786235,1
0.562594633,0.29444453,0.018413337,0.047011958,0.530787659,2.597962281,0.046994798,0.513561695,1
0.37227688,0.294430451,0.026308424,0.059893647,0.526303429,2.433142857,0.010380623,0.365425158,1
0.596267596,0.321431841,0.019592484,0.071697133,0.533096629,3.129899876,0.050240234,0.340445743,1
0.249416677,0.186999952,0.147996192,0.169691055,0.55329587,2.227899336,0.059241192,0.451538855,1
0.61452514,0.420289855,0.130434783,0.072463768,0.471264368,3.625,0,0.469273743,1
0.686202335,0.398460411,0.00861437,0.0353739,0.584226771,3.316810345,0.022574956,0.296715937,1
0.483647382,0.318565868,0.043419084,0.089508079,0.539378728,2.658676511,0.036417616,0.455401627,1
0.37370729,0.270431576,0.083005124,0.143543113,0.524525933,2.906377773,0.024965867,0.40967672,1
0.308805352,0.275720598,0.041131917,0.069535031,0.523320896,2.210815765,0.020098597,0.391478223,1
0.572582861,0.321229253,0.034955839,0.065241926,0.565415528,2.881739334,0.028324888,0.367202754,1
0.625686059,0.322580645,0.014662757,0.055718475,0.558020478,2.63963964,0.071038251,0.459934138,1
0.631930586,0.358595813,0.012147375,0.054968779,0.52441827,3.144809207,0.065032642,0.394476945,1
0.385542169,0.274509804,0.058823529,0.091503268,0.474358974,2.557377049,0.022727273,0.361445783,1
0.542009929,0.273005791,0.031779831,0.157267055,0.537942628,2.951977165,0.034252861,0.365793168,1
0.330843373,0.24719342,0.095760063,0.116173574,0.543573898,2.493217591,0.026443186,0.416927694,1
0.37628565,0.264763535,0.070105935,0.125762544,0.551739547,2.58960628,0.027592618,0.367195538,1
0.450353997,0.318349523,0.030253541,0.106050847,0.538440527,2.886242179,0.029890899,0.327839074,1
0.266359181,0.277210216,0.051473477,0.180196464,0.51483673,2.356434621,0.02271035,0.36690689,1
0.426352986,0.344637812,0.021955462,0.15047102,0.53713488,2.597551515,0.019934671,0.360740432,1
0.467192466,0.360002721,0.021785847,0.110521956,0.534555406,2.853337932,0.021483464,0.35117873,1
0.329525298,0.314707008,0.00423318,0.135839601,0.628111011,2.630010296,0.01775812,0.377540052,1
0.465517241,0.387096774,0,0.129032258,0.43902439,3.153846154,0.166666667,0.465517241,1
0.520381479,0.285997161,0.045876735,0.11224456,0.525179681,2.545197042,0.041535957,0.373725742,1
0.338842457,0.317359973,0.046649726,0.162614496,0.530769745,2.701906095,0.023263282,0.33129443,1
0.710192268,0.355114852,0.006991012,0.035953774,0.532670283,2.752156603,0.041738701,0.410874509,1
0.352360817,0.366702938,0.008705114,0.146898803,0.520637899,2.761658031,0.126027397,0.506694856,1
0.420550285,0.287078919,0.027715242,0.095353239,0.529929542,2.602027482,0.050682043,0.397596913,1
0.700446283,0.316133721,0.015625,0.042151163,0.540450254,2.981810307,0.049674267,0.498639382,1
0.465435191,0.253556437,0.031349172,0.098926111,0.518399461,2.37641427,0.034458833,0.373128899,1
0.624918947,0.354913065,0.015678092,0.05499586,0.533500494,2.874906826,0.042843469,0.499387597,1
0.492190153,0.370444667,0.008358409,0.089267803,0.512188992,2.42178941,0.097014925,0.486926995,1
0.484507733,0.3453338,0.024930508,0.067178777,0.520373886,2.576953205,0.044538036,0.487303994,1
0.410214075,0.28200616,0.037100146,0.172295256,0.536865917,2.303238096,0.042846095,0.406126832,1
0.75801918,0.263067988,0.029039973,0.08062863,0.542515812,2.777488614,0.037509976,0.442460317,1
0.294125343,0.285505508,0.049033025,0.108034286,0.430288638,2.883992696,0.024834437,0.596583172,1
0.407692308,0.324675325,0.025974026,0.090909091,0.520547945,2.35483871,0,0.315384615,1
0.356842105,0.292355074,0.026397627,0.166856779,0.505793122,2.717531617,0.061730506,0.453092551,1
0.432963079,0.259765147,0.065063244,0.114172697,0.536952693,2.602169847,0.037244818,0.379641246,1
0.349326013,0.257036711,0.032050878,0.152131478,0.536811441,2.890828357,0.082867133,0.410128242,1
0.477071221,0.30120111,0.057329509,0.087605993,0.543303352,2.822226558,0.042879336,0.393165271,1
0.37037037,0.294117647,0.137254902,0.137254902,0.490566038,2.523809524,0,0.432098765,1
0.542447364,0.335826055,0.017884227,0.059775397,0.525062579,2.809047335,0.031068723,0.441718501,1
0.312424836,0.264140589,0.026109635,0.190783702,0.525100691,2.59882761,0.033091576,0.34443515,1
0.387007591,0.262445787,0.042406189,0.177438612,0.533636172,2.621957663,0.008403635,0.320838749,1
0.545847314,0.288918395,0.023069661,0.073897319,0.523994822,2.494486743,0.035599214,0.404276747,1
0.428224886,0.335390541,0.01465008,0.059690215,0.525630809,2.271812686,0.017058321,0.452987515,1
0.653303584,0.32666774,0.032542654,0.098830143,0.512395744,2.875203278,0.021148428,0.39596907,1
0.418296089,0.324129652,0.016806723,0.054021609,0.507592191,2.334177215,0.003558719,0.42877095,1
0.273420812,0.279434411,0.059218816,0.127677446,0.536256585,2.303354747,0.026252983,0.374326111,1
0.555843285,0.320138665,0.033747047,0.105899918,0.511944208,2.933960396,0.038155161,0.405440725,1
0.473297178,0.362682191,0.037784469,0.082877182,0.543033958,3.11891172,0.009030232,0.324980956,1
0.438942655,0.335053607,0.033374955,0.127555727,0.536479451,2.86074752,0.025839579,0.350173229,1
0.425180676,0.273366904,0.052321115,0.183224573,0.542802186,2.510109405,0.082222222,0.453030529,1
0.464646465,0.358490566,0.01572327,0.053459119,0.547550432,2.115853659,0.009433962,0.494949495,1
0.490171736,0.30762987,0.041801948,0.082792208,0.489888319,2.767752715,0.034514925,0.348024002,1
0.486457754,0.292344401,0.029848305,0.095334263,0.522702383,2.784935878,0.033884699,0.369800465,1
0.423213131,0.294850885,0.057874627,0.098066714,0.523423298,2.809117911,0.02147438,0.437395389,1
0.475232093,0.258902969,0.079611525,0.100278945,0.556433129,2.739575882,0.059280602,0.397891049,1
0.32127895,0.268954658,0.052140745,0.13512684,0.534948443,2.6206055,0.024536193,0.406205432,1
0.588317648,0.308709616,0.033723786,0.078972227,0.546623105,2.756680939,0.019496713,0.374931944,1
0.386540934,0.313303522,0.040804919,0.142118502,0.50814664,2.745893044,0.006736527,0.336819546,1
0.503082693,0.345914664,0.023908268,0.067676798,0.535048969,2.84567194,0.021787132,0.384156135,1
0.296068743,0.333435059,0.013916016,0.095153809,0.535761415,2.296711623,0.023291925,0.373920516,1
0.40814011,0.334620572,0.030607343,0.090796548,0.528638691,2.762993369,0.021021973,0.379504551,1
0.305584771,0.317758425,0.037031427,0.10647482,0.52410058,2.434086629,0.00862069,0.359907446,1
0.343943711,0.331588623,0.015587929,0.086351023,0.535615057,2.4535309,0.022677379,0.386786485,1
0.385231759,0.324628804,0.031358452,0.146668923,0.524213378,2.839917227,0.012452251,0.379694929,1
0.302216799,0.326435442,0.019527834,0.170504226,0.511218404,2.655354449,0.061261261,0.461866992,1
0.359550126,0.246870508,0.128661963,0.114319003,0.587756073,2.293577843,0.025207058,0.329482334,1
0.316355066,0.273372367,0.064723477,0.049894991,0.540451108,2.631554524,0.009456265,0.547499201,1
0.409591195,0.311204109,0.042419631,0.112801978,0.536503447,2.18080185,0.037943696,0.450134771,1
0.420755781,0.290165531,0.072054528,0.136319377,0.538897893,2.760626398,0.018716578,0.383530739,1
0.590648337,0.30739492,0.007260192,0.043809834,0.525171853,2.547292039,0.073450601,0.466275009,1
0.388279648,0.344568687,0.012386325,0.050247927,0.520927437,2.193341271,0.023367928,0.439021994,1
0.333937741,0.294828263,0.038870558,0.038338095,0.563746054,2.158380596,0.010972326,0.400490877,1
0.234542312,0.201781524,0.077530007,0.155588818,0.525635955,2.028359441,0.010046524,0.390479641,1
0.620931874,0.31620241,0.011915433,0.051203762,0.521175522,2.605928277,0.038120845,0.424138781,1
0.879120879,0.313131313,0.042424242,0.086868687,0.518941123,2.303890641,0.086419753,0.534798535,1
0.553286535,0.221428571,0.015714286,0.065714286,0.535615171,2.630170316,0.040229885,0.483088705,1
0.264044944,0.198473282,0.045801527,0.053435115,0.504273504,2.052631579,0,0.494382022,1
0.327467236,0.220728656,0.087689387,0.140912615,0.544399792,2.818923281,0.020097122,0.32374438,1
0.791666667,0.284210526,0.042105263,0.073684211,0.506289308,3.028571429,0,0.429824561,1
0.596100872,0.261205836,0.013113025,0.042995254,0.524235322,2.729731183,0.024221972,0.380328288,1
0.590321235,0.372708758,0.027494908,0.044806517,0.515415939,2.494920174,0.018867925,0.473925741,1
0.569045878,0.270570464,0.095349802,0.058011966,0.522022022,2.593399536,0.081138831,0.418236556,1
0.186115019,0.186686142,0.153749868,0.125567085,0.496499303,2.010175853,0.014701595,0.346920629,1
0.47215001,0.335137058,0.019857868,0.069919351,0.523328069,2.563625794,0.034572801,0.486989849,1
0.473678518,0.28686845,0.01956375,0.063312098,0.525169487,2.727614392,0.034602561,0.401149585,1
0.558510638,0.277108434,0.024096386,0.108433735,0.485507246,2.379310345,0.055555556,0.5,1
0.340557086,0.202320076,0.056321206,0.216659634,0.534361314,2.708733763,0.039412297,0.351819537,1
0.288814572,0.224096616,0.115380643,0.16942226,0.531788917,2.65868794,0.009529174,0.315744504,1
0.478783483,0.290723297,0.017591519,0.047935599,0.521311105,2.345246663,0.02408329,0.389710954,1
0.444015986,0.275453463,0.057081097,0.113825351,0.540636404,2.962400482,0.037025313,0.333414746,1
0.444202025,0.310191587,0.053151396,0.100153885,0.544837007,2.821700819,0.046894452,0.427029188,1
0.391601017,0.305780068,0.036417396,0.102763977,0.526370565,2.451681601,0.022314523,0.398841714,1
0.407747166,0.277185377,0.043252831,0.09972237,0.513159654,2.868109924,0.049028523,0.449143238,1
0.455508412,0.31988892,0.032021428,0.081529647,0.5363711,2.820719907,0.033302219,0.427005838,1
0.383642421,0.298224639,0.051788752,0.162291104,0.539764264,2.779405326,0.021356497,0.344547467,1
0.355742561,0.286563414,0.047353255,0.201229113,0.543315808,2.577848161,0.02276715,0.346937538,1
0.294014445,0.279434327,0.046386135,0.212022239,0.50682736,2.524395498,0.118136987,0.50086087,1
0.483498875,0.29712706,0.042177406,0.111851717,0.528619828,2.791782522,0.048268086,0.377756426,1
0.573759073,0.285453277,0.02567556,0.095918751,0.540394467,2.760072815,0.039349545,0.356490385,1
0.337682451,0.260827941,0.056888743,0.242065649,0.537051358,2.545043098,0.084252874,0.434822738,1
0.333568905,0.339342524,0.06892895,0.097560976,0.537105751,2.757033248,0.014662757,0.402826855,1
0.363636364,0.285714286,0,0,0.75,1.6,0,0.363636364,1
0.554694548,0.265794877,0.04730579,0.105100169,0.51900962,2.680606929,0.045126628,0.369371666,1
0.5,0.15,0.1,0.05,0.473684211,3.166666667,0,0.575,1
0.494966443,0.249169435,0.069767442,0.129568106,0.520348837,2.474820144,0.034722222,0.397651007,1
0.205355167,0.206697299,0.114731273,0.236494013,0.508065116,2.366819141,0.074773414,0.456904182,1
0.364208835,0.278979727,0.08465437,0.091749751,0.578896379,2.281591812,0.014758741,0.455546418,1
0.441257975,0.278217621,0.039372566,0.093328881,0.501359868,2.570120151,0.045000315,0.403098702,1
0.270892857,0.101769912,0.143294758,0.095983662,0.57674685,2.510416667,0,0.481071429,1
0.343711844,0.337674419,0.04,0.142325581,0.510737628,2.612195122,0.00795756,0.336385836,1
0.32507046,0.314847135,0.040041168,0.14561988,0.521050364,2.691722309,0.008998623,0.326555005,1
0.487568661,0.296473907,0.019746121,0.138222849,0.517682795,2.817237164,0.015267176,0.41934085,1
0.379320617,0.259750321,0.094926794,0.133373392,0.545196272,2.612707721,0.034257337,0.337635779,1
0.370682656,0.253585044,0.03900087,0.199663097,0.530167092,2.485118207,0.081833415,0.427858774,1
0.343094334,0.230808366,0.065829563,0.138706832,0.537712256,2.624970581,0.014399941,0.392779247,1
0.295315908,0.279487765,0.047843427,0.077440501,0.511882928,2.239660381,0.05308283,0.417134467,1
0.356065003,0.342045967,0.031996395,0.089229383,0.537894306,2.419226957,0.017808219,0.492164829,1
0.296758332,0.318529069,0.019681471,0.191117441,0.512628301,2.590678219,0.172543136,0.486796576,1
0.289856692,0.266098483,0.08532521,0.192469412,0.572527473,2.417317728,0.210967498,0.505978543,1
0.322206096,0.366523911,0.014632405,0.144539615,0.503492256,2.891132572,0.138572906,0.595791001,1
0.825729345,0.255216164,0.007345951,0.039021079,0.520995642,2.981792612,0.026362131,0.365175416,1
0.507761079,0.257629586,0.065543691,0.098571298,0.511895147,2.690015785,0.012871287,0.351972685,1
0.335039425,0.30995788,0.03888302,0.103192343,0.525885945,2.445185678,0.02159674,0.392997622,1
0.345241794,0.334334968,0.024671833,0.16068322,0.515019591,2.68969555,0.110012892,0.480894688,1
0.441276995,0.298355877,0.049218334,0.1273658,0.53284664,2.61972023,0.026175825,0.438012772,1
0.324706037,0.283618677,0.059435798,0.162315175,0.52764513,2.647659186,0.008023256,0.31892531,1
0.488835747,0.340113788,0.026493471,0.09250437,0.540105544,2.853871284,0.04430286,0.455049536,1
0.437726395,0.241362633,0.09723413,0.135306616,0.533991295,2.668656378,0.048752656,0.383478217,1
0.418797512,0.31391201,0.065398335,0.102259215,0.545454545,2.770573566,0.023391813,0.387007602,1
0.4466606,0.271805654,0.065896594,0.120435945,0.529197785,2.872614484,0.038519742,0.367812266,1
0.694047619,0.340466926,0,0.019455253,0.518939394,2.14198783,0.045643154,0.56547619,1
0.402864259,0.332638165,0.015641293,0.103232534,0.523690773,2.778290993,0.213888889,0.556662516,1
0.454739747,0.295396475,0.063564099,0.103773893,0.552874799,2.794236201,0.043578432,0.392922483,1
0.330952381,0.224142699,0.153899336,0.102323009,0.503623188,3.110526316,0,0.513690476,1
0.169230769,0.259259259,0.074074074,0,0.322580645,1.9375,0,0.415384615,1
0.187921363,0.260170396,0.037870699,0.061316541,0.525046619,2.205092097,0.017738741,0.386778263,1
0.276674107,0.247937621,0.05273734,0.088921822,0.526067107,2.260348675,0.025122076,0.385940096,1
0.327523738,0.291622364,0.046345351,0.112924988,0.524152277,2.369819026,0.020646456,0.39701243,1
0.403379985,0.25736783,0.069597357,0.136400043,0.53438119,2.733258769,0.031119902,0.355307321,1
0.365797101,0.279030402,0.068284921,0.113548649,0.531533939,2.763436449,0.032709492,0.396414385,1
0.482257521,0.255163076,0.049691624,0.130290652,0.543799399,2.732534189,0.034847495,0.331259832,1
0.600049906,0.290545046,0.046403903,0.141297247,0.523263844,2.817504506,0.026788255,0.384762126,1
0.491261254,0.343267415,0.027943264,0.068460266,0.540416577,2.651489707,0.033932568,0.432163947,1
0.273116438,0.262514723,0.004416961,0.021937574,0.525393764,2.313871328,0.02617284,0.356485445,1
0.211459352,0.174061713,0.06618388,0.136740433,0.541196881,2.33021628,0.024278994,0.443990822,1
0.606616325,0.332114564,0.008531383,0.090798294,0.515465561,3.332624867,0.169230769,0.455711375,1
0.425816024,0.275932078,0.023440384,0.053156146,0.510572687,2.382785164,0.020483193,0.370072064,1
0.381749588,0.247930741,0.114332917,0.104539438,0.578041361,2.640164366,0.013580958,0.457535342,1
0.492506817,0.284868445,0.050574503,0.119140619,0.540489612,2.757362628,0.052184377,0.372896686,1
0.491722122,0.29216679,0.013070252,0.041792396,0.521445548,2.300800165,0.028856843,0.426473303,1
0.571382667,0.330598362,0.012050534,0.070540053,0.52754059,2.482744828,0.038337357,0.409319734,1
0.743910461,0.262250672,0.01163864,0.056708271,0.534726601,2.557137771,0.042601412,0.388116919,1
0.519533241,0.331417743,0.017829725,0.090955172,0.514614076,2.306906661,0.031287486,0.464282276,1
0.378114513,0.315629944,0.031695246,0.106463363,0.515882106,2.547304538,0.038063277,0.397447317,1
0.47096713,0.332253633,0.025647085,0.073285744,0.519576084,3.202214182,0.065808136,0.410133974,1
0.628134014,0.309069212,0.049522673,0.07398568,0.546407647,2.916366906,0.029871977,0.377856667,1
0.466019618,0.305168765,0.017325848,0.126556959,0.529159971,3.002391017,0.025938083,0.339587106,1
0.313287248,0.317088861,0.031086461,0.184849697,0.509031826,2.59788951,0.135261482,0.517306016,1
0.401595623,0.266135417,0.032819963,0.095854724,0.535183975,2.549372061,0.022489904,0.326919256,1
0.434623431,0.249768733,0.061054579,0.148011101,0.516357206,2.416666667,0.011173184,0.384937238,1
0.472672758,0.282113721,0.042529871,0.076477914,0.485873294,2.403511526,0.007575758,0.379227557,1
0.243902439,0.193548387,0.064516129,0.096774194,0.375,2,0,0.463414634,1
0.412618254,0.327906702,0.024399609,0.155347697,0.538398009,2.755690838,0.021628855,0.326749951,1
0.450093268,0.254114613,0.049419005,0.135665941,0.540823017,2.765246089,0.038694574,0.346561448,1
0.507908915,0.275694747,0.039021443,0.122702086,0.53599346,2.779538156,0.039152675,0.343652791,1
0.481928642,0.237628385,0.013976424,0.161064426,0.539364143,2.527414075,0,0.43226097,1
0.41403777,0.330921997,0.02327044,0.100915995,0.5217714,2.270094193,0.031108904,0.466154905,1
0.367745301,0.258082486,0.058713508,0.117837824,0.497434618,2.269936104,0.029682856,0.448997108,1
0.500683869,0.328038867,0.023084914,0.151335962,0.549190313,2.922533226,0.050639697,0.381181784,1
0.735602094,0.366336634,0,0.118811881,0.561752988,2.788888889,0.05,0.455497382,1
0.493947778,0.287886554,0.027848966,0.090893559,0.538367695,2.667425968,0.031483016,0.432733875,1
0.390557006,0.288111389,0.016065691,0.130667619,0.530744337,3.024021352,0.111538462,0.354656223,1
0.391111111,0.423357664,0.01459854,0.03649635,0.60130719,2.781818182,0,0.471111111,1
0.438122009,0.31594781,0.058207139,0.080955922,0.53487163,3.037374041,0.038391079,0.422453088,1
0.604180031,0.344657906,0.021274088,0.062319524,0.535113869,2.982848116,0.035069756,0.415227254,1
0.524084778,0.379699248,0.008675535,0.058126084,0.521484814,2.185349066,0.052320675,0.500963391,1
0.467098678,0.358947733,0.061959155,0.123918311,0.628060264,2.105072464,0.016260163,0.322480375,1
0.418397626,0.260204082,0.071428571,0.12755102,0.513636364,2.417582418,0.014388489,0.399109792,1
0.495053483,0.28724773,0.01829386,0.082136801,0.528420094,2.473034531,0.027083174,0.441120267,1
0.437198204,0.313656258,0.027619136,0.092553817,0.509435169,2.383571344,0.034274597,0.426809626,1
0.541172054,0.257596485,0.098419213,0.11296446,0.549655074,2.629960989,0.0443852,0.408845499,1
0.544028951,0.375661376,0.010582011,0.058201058,0.473977695,2.241666667,0.035211268,0.490952955,1
0.499451286,0.331790499,0.021193666,0.062119367,0.524025385,2.414623468,0.026584867,0.365443239,1
0.573059361,0.240641711,0.053475936,0.160427807,0.574074074,2.454545455,0,0.385844749,1
0.59514534,0.318282754,0.014063657,0.051073279,0.517747279,2.39569161,0.025,0.517830387,1
0.388946869,0.325468142,0.028326999,0.070817498,0.532670224,2.725413964,0.021140143,0.336840324,1
0.321667197,0.229362101,0.075515947,0.164165103,0.529613314,2.814049587,0.04137931,0.366210627,1
0.435112768,0.21999517,0.107220478,0.140787249,0.543210786,2.559977367,0.055175191,0.367588214,1
0.397439868,0.232311119,0.064074011,0.108274799,0.531093204,2.333096843,0.023019272,0.382884278,1
0.554298643,0.38071066,0.005076142,0.060913706,0.489361702,2.238095238,0.0125,0.357466063,1
0.298511818,0.244176373,0.002287854,0.018718802,0.51902369,2.458235294,0.017013233,0.426466297,1
0.394350577,0.158465255,0.082268421,0.158592409,0.508744856,2.519784742,0.048987854,0.366148658,1
0.290697674,0.31147541,0.049180328,0.049180328,0.595744681,2.764705882,0,0.511627907,1
0.688173331,0.333393026,0.019947678,0.067291621,0.542951533,2.828263524,0.052273095,0.307128701,1
0.407337612,0.363565943,0.016075368,0.065194136,0.5232424,2.278380431,0.022701587,0.38813005,1
0.359917205,0.253889101,0.041237355,0.126118314,0.523829277,2.78716725,0.021076832,0.29234751,1
0.420658059,0.344556274,0.024602604,0.143581756,0.51208951,2.750260779,0.22657614,0.565181175,1
0.519526301,0.268612431,0.052390933,0.111502011,0.547313111,2.628064564,0.044730508,0.32350869,1
0.458911971,0.289460377,0.01367914,0.045699985,0.522922062,2.347352506,0.027212731,0.399121637,1
0.514097184,0.305574595,0.022238894,0.093331543,0.529050423,2.68393454,0.023366299,0.318917929,1
0.399300378,0.267525855,0.052442323,0.139570406,0.544092073,2.550153201,0.049498271,0.32308751,1
0.289186663,0.35203858,0.029811486,0.153441473,0.499578415,2.575461455,0.162060302,0.540978498,1
0.233224562,0.274715133,0.033057133,0.106764502,0.470870195,2.276550256,0.176119034,0.418491602,1
0.257575758,0.326530612,0.12244898,0.081632653,0.615384615,2.052631579,0.058823529,0.348484848,1
0.393279456,0.253253911,0.060338336,0.100274444,0.486947831,2.492131863,0.017432208,0.411201005,1
0.263157895,0.160714286,0.008928571,0.058035714,0.78125,1.777777778,0.428571429,0.664473684,1
0.19908469,0.259684261,0.03740491,0.061733877,0.522382433,2.292853835,0.013648339,0.380022274,1
0.353221014,0.277863304,0.038454333,0.069309028,0.523683968,2.337044099,0.025306512,0.391501946,1
0.225380517,0.256485029,0.073581986,0.121661976,0.532933457,1.778483143,0.067213587,0.408874689,1
0.360219091,0.282086394,0.038672014,0.072751983,0.524738804,2.444861067,0.022385509,0.37873578,1
0.428871803,0.307940312,0.017884762,0.040104564,0.535588105,2.563154419,0.039055352,0.375286155,1
0.402110818,0.252427184,0.032656664,0.088261253,0.542901716,2.499025341,0.028235294,0.329287599,1
0.297814718,0.244633595,0.122569491,0.124325043,0.534314968,2.6594325,0.018349322,0.370526709,1
0.290623815,0.273504845,0.039625794,0.211226194,0.509633617,2.61584,0.103557941,0.451222981,1
0.294117647,0.157407407,0.041666667,0.24537037,0.558139535,2.965517241,0,0.483660131,1
0.252742272,0.208479922,0.119555987,0.188119212,0.532318312,2.530344904,0.007481135,0.304913426,1
0.261201877,0.259173755,0.055033848,0.225655268,0.506914789,2.475613475,0.121315352,0.512772833,1
0.278802711,0.202036022,0.162098669,0.172539807,0.540950745,2.43006263,0.006039689,0.338855422,1
0.30415247,0.245659542,0.069527422,0.212525846,0.541494289,2.497078078,0.023689475,0.331393657,1
0.310880829,0.258145363,0.070175439,0.162907268,0.541310541,2.525179856,0.046153846,0.352331606,1
0.311575133,0.268471517,0.026070063,0.0642978,0.515553441,2.37069938,0.024803638,0.411148022,1
0.294117647,0.226190476,0.01984127,0.071428571,0.507177033,2.296703297,0.075949367,0.403361345,1
0.298830528,0.247199957,0.034960417,0.070630617,0.531198812,2.42348482,0.036956743,0.385327003,1
0.189195101,0.195470436,0.095303238,0.188060496,0.520434783,1.772435897,0.019685039,0.450787402,1
0.700756573,0.33178259,0.023113924,0.063188197,0.544092981,3.040676048,0.034635225,0.355743678,1
0.830575161,0.273211329,0.006085283,0.021432726,0.543547785,3.343937656,0.039844268,0.402218162,1
0.296296296,0.168421053,0.010526316,0.010526316,0.384615385,2.03125,0.162162162,0.459259259,1
0.466683514,0.348602117,0.027799716,0.076449218,0.550973654,2.626353791,0.037150517,0.43939011,1
0.285330982,0.260901046,0.055242692,0.09227675,0.520284831,2.127791069,0.014486505,0.356989536,1
0.329294847,0.280945642,0.043869142,0.077499376,0.512231874,2.516618336,0.10646469,0.477806934,1
0.275316456,0.23580786,0.052401747,0.23580786,0.534562212,2.465909091,0.163934426,0.560126582,1
0.185185185,0.181818182,0,0.090909091,0.571428571,2,0,0.481481481,1
0.31041181,0.269295775,0.002816901,0.007323944,0.518125,2.237762238,0.015280136,0.447163947,1
0.281529481,0.271740211,0.021876863,0.056015206,0.52187853,2.463824057,0.020823004,0.368517824,1
0.35030403,0.301576325,0.029931281,0.088840784,0.527716938,2.452833352,0.017038657,0.348918385,1
0.594928395,0.276953189,0.023301431,0.08221121,0.514064644,2.718748186,0.023093747,0.405257688,1
0.440711462,0.303886926,0.043109541,0.147173145,0.51850821,2.787432118,0.0126968,0.325889328,1
0.723242158,0.31294481,0.010608299,0.029810662,0.505413919,3.086200349,0.060474308,0.444347406,1
0.306122449,0.176470588,0,0.088235294,0.535714286,2.545454545,0,0.387755102,1
0.419360633,0.304168587,0.014450849,0.039861363,0.523663997,2.357241811,0.02468286,0.374800679,1
0.509615385,0.404705882,0.022745098,0.082352941,0.485642317,2.967115097,0.036666667,0.495769231,1
0.726084617,0.30790741,0.027227951,0.086119781,0.51930081,3.194389656,0.060860975,0.348251847,1
0.409729051,0.287908935,0.012910092,0.039146731,0.519127504,2.378909347,0.019566737,0.385884409,1
0.368421053,0.333333333,0.041666667,0.083333333,0.6,1.923076923,0,0.368421053,1
0.527997815,0.306712963,0.017939815,0.072337963,0.517693589,2.229234339,0.017436792,0.452881726,1
0.467691484,0.21688114,0.119476566,0.119405404,0.552630985,2.726023266,0.01880583,0.306234398,1
0.496438448,0.339490764,0.031785655,0.068397404,0.515387172,2.324629172,0.076630069,0.482234141,1
0.279115985,0.2281229,0.108828119,0.142421083,0.516667071,2.423801761,0.025205126,0.418744776,1
0.441228272,0.279429903,0.026038098,0.052350281,0.533041995,2.446414602,0.030734633,0.345968298,1
0.483495226,0.31030361,0.019045342,0.060961033,0.531124436,2.338054632,0.016086435,0.385207442,1
0.30794702,0.267942584,0.004784689,0.043062201,0.523560209,2.546666667,0,0.466887417,1
0.395007342,0.285399552,0.026755041,0.068558626,0.526805473,2.414641757,0.023813372,0.372958319,1
0.43895558,0.337947883,0.023615635,0.065533388,0.522906162,2.450375143,0.029409951,0.443124579,1
0.444444444,0,0.1,0.1,0.5,2.5,0,0.611111111,1
0.520360307,0.29356434,0.00757992,0.029414617,0.521251227,2.344828459,0.028917834,0.484073767,1
0.483217276,0.32376413,0.069599417,0.090951711,0.513210589,2.959519292,0.048578168,0.416147144,1
0.412452499,0.314427861,0.053233831,0.0986733,0.533618344,2.680208333,0.012762454,0.406898568,1
0.382950435,0.308323832,0.036514492,0.104124022,0.524712353,2.470428032,0.037750107,0.428727101,1
0.458481192,0.27129751,0.003931848,0.017038008,0.546144121,2.203342618,0.016949153,0.484031228,1
0.395220588,0.241641337,0.077507599,0.14893617,0.52149792,2.979338843,0.029411765,0.360294118,1
0.357123547,0.210155593,0.093986543,0.160639193,0.535530381,2.570823405,0.03525,0.328737497,1
0.349498712,0.261951808,0.073626607,0.144043629,0.535839672,2.747100157,0.021838078,0.337234839,1
0.740159887,0.25019425,0.03038073,0.028205128,0.485564348,3.47314578,0.08172043,0.361036412,1
0.420155421,0.246174295,0.017464658,0.050724418,0.526507183,2.289004439,0.046026462,0.44904595,1
0.219512195,0.296875,0.078125,0.1875,0.622641509,2.944444444,0,0.292682927,1
0.284313725,0.273972603,0.01369863,0.095890411,0.584415584,2.851851852,0,0.392156863,1
0.497223668,0.304871348,0.016771317,0.052950833,0.518738848,2.666290657,0.064150502,0.462604175,1
0.309868375,0.296769204,0.061186668,0.149624971,0.529429821,2.666427117,0.010393579,0.321192987,1
0.39350448,0.274156916,0.073196553,0.117474845,0.534699744,2.672955729,0.032275316,0.393704512,1
0.452379034,0.274472592,0.019831112,0.059360932,0.513487152,2.465676188,0.034244245,0.367505599,1
0.265767824,0.175848117,0.114223467,0.128851541,0.536928105,2.485783916,0.013513514,0.342550274,1
0.804176652,0.314685315,0.008741259,0.033216783,0.544642857,3.190404798,0.007518797,0.400205409,1
0.35042735,0.289473684,0,0.026315789,0.410714286,1.931034483,0.086956522,0.47008547,1
0.399275603,0.257450612,0.085563016,0.126016979,0.536027693,2.510412755,0.042230394,0.363095478,1
0.399186751,0.29758265,0.03685502,0.164506627,0.531263193,2.60420615,0.078398234,0.42285293,1
0.576836158,0.312416555,0.049399199,0.078771696,0.561447811,2.808510638,0.061919505,0.44180791,1
0.567824696,0.303736317,0.066593286,0.095334189,0.559819797,2.585217391,0.041998937,0.412284069,1
0.356501507,0.227897517,0.011568938,0.279984152,0.758583517,1.387802036,0.01469396,0.529027395,1
0.71870229,0.343283582,0.015829941,0.037765717,0.517611026,3.365979381,0.052895882,0.482760814,1
0.583333333,0.28,0.0425,0.1175,0.520072993,2.075757576,0.161538462,0.58125,1
0.324073635,0.289413206,0.112457861,0.137928051,0.709946628,2.968890314,0.015733982,0.380544119,1
0.492137521,0.30755709,0.036654291,0.082058316,0.523660724,3.04403528,0.032099076,0.425282433,1
0.396475771,0.408759124,0.047445255,0.087591241,0.451048951,2.234375,0.131578947,0.546255507,1
0.561870997,0.279434783,0.018034885,0.090022836,0.513712239,2.655191802,0.026845793,0.359751713,1
0.413716814,0.309090909,0.016123499,0.060377358,0.525975849,2.495444989,0.059843886,0.396621078,1
0.49382716,0.420731707,0.022357724,0.067073171,0.525483304,2.099630996,0.141242938,0.518518519,1
0.558508802,0.331508991,0.020328382,0.07505864,0.534642662,2.205776173,0.025641026,0.459095616,1
0.3702773,0.220575019,0.111761421,0.141803088,0.514421778,2.710066979,0.030975862,0.325151957,1
0.383559765,0.280182609,0.037381351,0.125327512,0.516207246,2.421804299,0.08443333,0.491745303,1
0.335082941,0.156191213,0.142425148,0.171012149,0.518701674,2.551378772,0.021850625,0.463135499,1
0.600661195,0.348444191,0.012617756,0.06657151,0.541920266,3.040733198,0.037190083,0.477382581,1
0.285816818,0.235787863,0.091702259,0.130033346,0.514710353,2.4263523,0.019770364,0.448222005,1
0.31723691,0.266280227,0.080249595,0.121560342,0.523306809,2.527276404,0.030401223,0.453361907,1
0.336805433,0.25384697,0.038947257,0.14915632,0.540943468,2.262030769,0.015111447,0.394446986,1
0.358080808,0.250196696,0.103855232,0.134539732,0.545524691,2.364963504,0.022675737,0.388888889,1
0.232622959,0.181300513,0.128132687,0.090396374,0.486735487,1.80536829,0.010213556,0.538848546,1
0.521592042,0.36804738,0.013248864,0.117168505,0.526324407,2.792428365,0.031808011,0.388178713,1
0.180822562,0.25979962,0.042748201,0.070029195,0.527087941,2.296132239,0.013194573,0.378445313,1
0.34353102,0.317885967,0.01848477,0.067170008,0.524016352,2.432566812,0.017573222,0.325927192,1
0.584173778,0.322761194,0.046641791,0.108208955,0.537346711,2.875,0.142857143,0.478665632,1
0.265603015,0.236503682,0.078262813,0.149501259,0.539757678,2.37353124,0.024511941,0.401027383,1
0.538576416,0.380829475,0.01388832,0.071107652,0.529936403,2.896306262,0.0411049,0.504606233,1
0.408284024,0.25,0.01,0.06,0.456989247,2.08988764,0.024390244,0.440828402,1
0.686215645,0.281916471,0.065965236,0.101888134,0.528858621,2.649352961,0.038839914,0.45902289,1
0.534411594,0.278933083,0.011902174,0.042292343,0.517772307,2.367106027,0.032910959,0.438142074,1
0.390512833,0.287066975,0.055812163,0.130408006,0.536487907,2.240810556,0.013366337,0.404260311,1
0.208511335,0.281173201,0.017294839,0.051930453,0.527950813,2.307735391,0.01641296,0.354069334,1
0.391141371,0.278921739,0.043690246,0.110527859,0.530455302,2.636554203,0.014783431,0.348745632,1
0.45398773,0.261102194,0.03905832,0.126805778,0.506218333,2.383095499,0.043771044,0.369558866,1
0.425749342,0.302940126,0.037495536,0.09992858,0.521311316,2.671307742,0.050987675,0.459140777,1
0.460426583,0.316604027,0.039805571,0.103203471,0.531338255,2.666170126,0.046597753,0.458303526,1
0.565897858,0.373814042,0.0056926,0.037950664,0.514357054,2.153225806,0.009009009,0.519769357,1
0.537897311,0.322751323,0.052910053,0.052910053,0.541353383,2.509433962,0.02739726,0.432762836,1
0.516183986,0.183098592,0.063380282,0.112676056,0.537530266,2.753333333,0.027272727,0.385008518,1
0.560663289,0.162367985,0.144311338,0.1564873,0.52054477,2.072378717,0.124444444,0.540749271,1
0.396758944,0.269769121,0.042824841,0.19282738,0.540272598,2.612330435,0.025902859,0.396289284,1
0.53701095,0.356372189,0.013212415,0.123951537,0.534974709,2.779164464,0.025373527,0.383421419,1
0.332344982,0.271093608,0.045903449,0.203661286,0.517863635,2.515981679,0.021211242,0.365914919,1
0.392425614,0.229133342,0.033737734,0.1877644,0.531456922,2.835125332,0.034945022,0.340917002,1
0.51840827,0.326614523,0.037552786,0.079521831,0.541269671,2.955112723,0.053594972,0.459921815,1
0.429707503,0.332976541,0.038444385,0.13804894,0.529245664,2.853069054,0.017993979,0.387265791,1
0.406362992,0.378962657,0.019063334,0.07221559,0.52861431,2.824514656,0.020059856,0.36250457,1
0.315521183,0.227903855,0.12263811,0.143335071,0.564095127,2.186578433,0.012293226,0.514651526,1
0.418112914,0.327043347,0.04733664,0.096743584,0.535391435,2.496819172,0.027865807,0.455370252,1
0.531261735,0.367013819,0.016222712,0.058782295,0.520492407,2.229783037,0.051237766,0.541776192,1
0.27263296,0.292043947,0.032987528,0.094698105,0.529912702,2.469214962,0.01036385,0.415843145,1
0.233387358,0.384073291,0.011980268,0.033826638,0.536073826,2.305609284,0.032171582,0.337655321,1
0.345498783,0.353159851,0.018587361,0.055762082,0.558823529,2.10619469,0.014705882,0.508515815,1
0.588099631,0.381858903,0.006718925,0.060470325,0.521958243,2.114155251,0.034120735,0.48800738,1
0.57777017,0.302432432,0.027297297,0.139189189,0.534626966,2.774013921,0.077872012,0.432614401,1
0.511416633,0.310588982,0.025568218,0.05967161,0.502121938,2.298781513,0.018836948,0.452312001,1
0.284210526,0.154411765,0,0.161764706,0.542168675,2.024390244,0,0.536842105,1
0.415126028,0.231735074,0.014990941,0.122593408,0.541094351,2.252397143,0.011203317,0.40208051,1
0.90326087,0.247191011,0,0,0.497326203,2.271255061,0.01754386,0.442391304,1
0.660148323,0.296364535,0.015332932,0.045595918,0.53283897,2.464797018,0.042844721,0.454456415,1
0.764150943,0.22,0.02,0.04,0.472868217,2.632653061,0,0.523584906,1
0.45,0.318181818,0.055555556,0.116161616,0.551587302,2.210526316,0.01754386,0.475,1
0.332543901,0.274844024,0.031878891,0.079978032,0.498268224,2.36416535,0.058077315,0.431262835,1
0.867911236,0.266666667,0.026666667,0.069333333,0.522623284,2.953453453,0.013245033,0.32476224,1
0.580446689,0.281411299,0.041564361,0.101420715,0.538610125,2.746051975,0.070317884,0.380487203,1
0.619168357,0.304039059,0.033732801,0.097647581,0.528257271,3.134914752,0.011385199,0.283299527,1
0.558037159,0.345246814,0.017137835,0.099897466,0.53064659,2.913548387,0.014600715,0.318508448,1
0.682789729,0.280210568,0.009334288,0.036044295,0.521813856,2.905490805,0.029767673,0.437929656,1
0.675543214,0.331992704,0.016368143,0.042370107,0.527201968,3.031481142,0.03722422,0.399778466,1
0.230675593,0.277689873,0.014240506,0.035601266,0.50465707,2.32480315,0.008356546,0.387705417,1
0.435831378,0.279165818,0.029551206,0.080335069,0.535933705,2.633513107,0.022871573,0.355507786,1
0.465100817,0.345696322,0.021529215,0.126038248,0.525937486,2.686397111,0.047392805,0.426193927,1
0.483606557,0.452380952,0.055555556,0.087301587,0.657894737,2,0.065217391,0.450819672,1
0.46183953,0.265454545,0.054545455,0.12,0.494285714,2.482269504,0.00990099,0.438356164,1
0.429186058,0.290377864,0.0176037,0.060365052,0.523333609,2.264613274,0.041425261,0.467575268,1
0.359354542,0.26309103,0.024359258,0.06142289,0.515840149,2.216129402,0.026058062,0.451254468,1
0.388504181,0.3312562,0.020690366,0.075087561,0.523622779,2.26899639,0.018121142,0.391043391,1
0.423976719,0.268683157,0.050127944,0.144806771,0.530067776,2.255106294,0.057463672,0.457424695,1
0.431890661,0.195669607,0.097834804,0.151563753,0.568699486,2.534450652,0.062857143,0.36309795,1
0.42870999,0.325636672,0.01426146,0.100848896,0.513193813,2.140909091,0.065902579,0.508050436,1
0.54032,0.360946746,0.008353637,0.056038984,0.503759398,2.225320692,0.054154303,0.4968,1
0.394736842,0.304347826,0.043478261,0.043478261,0.555555556,3.857142857,0,0.368421053,1
0.522925764,0.292906178,0.04576659,0.054919908,0.529962547,2.518867925,0.070833333,0.431222707,1
0.353797468,0.287993797,0.044319295,0.121816846,0.517953742,2.17480315,0.018870347,0.404773207,1
0.4348659,0.391767554,0.009039548,0.046650525,0.539427053,2.127552623,0.01940133,0.512862616,1
0.339285714,0.27027027,0.081081081,0.108108108,0.459459459,2.846153846,0,0.464285714,1
0.487326247,0.322169059,0.035087719,0.098883573,0.546519193,2.65916955,0.043831169,0.352412101,1
0.674616504,0.288139482,0.017894012,0.034870383,0.532515586,2.912889414,0.038127515,0.444444444,1
0.392674335,0.253944945,0.063751346,0.149720881,0.538248758,2.544468734,0.022585017,0.374897911,1
0.494105641,0.300368331,0.041806321,0.097564184,0.534161911,2.781301185,0.039954906,0.358576752,1
0.24,0.219298246,0.100877193,0.096491228,0.529147982,2.686746988,0.0375,0.35,1
0.543715847,0.19760479,0.065868263,0.113772455,0.536398467,2.61,0.055555556,0.450819672,1
0.411093339,0.29853151,0.038116282,0.095843116,0.522743148,2.178002506,0.018998273,0.486946621,1
0.327468718,0.241764477,0.025990571,0.092527578,0.520994387,2.206707291,0.05579275,0.430545005,1
0.50191297,0.230415796,0.078934415,0.151968801,0.484830358,2.123013751,0.025776615,0.376504712,1
0.401136364,0.220588235,0.073529412,0.235294118,0.486888112,2.743421053,0.083333333,0.510227273,1
0.203555046,0.20950324,0.09287257,0.247660187,0.478679505,2.610412926,0.131367292,0.510894495,1
0.2894803,0.263821413,0.054977777,0.075568164,0.527030038,2.224981344,0.030252867,0.37666166,1
0.378848861,0.286564079,0.026491309,0.067065693,0.52561781,2.377371843,0.031558605,0.413508565,1
0.615384615,0.36,0.022857143,0.08,0.514814815,2.125984252,0.073170732,0.514285714,1
0.566190783,0.306005939,0.014102247,0.075551724,0.531453028,2.542124746,0.045096425,0.405848456,1
0.45545977,0.350263852,0.01121372,0.127308707,0.52,2.998554913,0.056561086,0.372485632,1
0.438099892,0.313000808,0.048574446,0.091806945,0.535034938,2.580192813,0.037218563,0.449233884,1
0.505911141,0.29126582,0.043310374,0.098622417,0.538575193,2.650347222,0.048215504,0.346966614,1
0.34824387,0.298423996,0.024911032,0.190645653,0.510538642,2.44558992,0.12611276,0.546388337,1
0.634959852,0.318104907,0.015228426,0.047377327,0.496638655,2.833333333,0.015576324,0.486102532,1
0.671368124,0.313304721,0.017167382,0.038626609,0.56512605,2.479166667,0,0.342736248,1
0.498080831,0.219973009,0.002699055,0.010796221,0.522357019,2.575892857,0.016666667,0.426958681,1
0.409090909,0.173076923,0.134615385,0.153846154,0.471698113,2.65,0,0.306818182,1
0.690746067,0.36761488,0.014086433,0.037062363,0.540154912,2.40844379,0.055890147,0.436770428,1
0.452338455,0.300777506,0.057279796,0.104569177,0.532955768,2.225114053,0.032196382,0.469627504,1
0.406608227,0.309090909,0.027272727,0.097727273,0.531772575,2.282442748,0.016666667,0.380984491,1
0.515357012,0.291802036,0.132012129,0.105154862,0.54074808,2.981711525,0.005012531,0.414921873,1
0.391725352,0.293777135,0.027496382,0.04341534,0.510958904,2.115942029,0.008849558,0.365316901,1
0.444168196,0.263570339,0.042005609,0.181367984,0.552978792,2.46273334,0.021786492,0.404230632,1
0.416210478,0.339181991,0.074502405,0.144171656,0.562980595,2.538571413,0.069828448,0.42444477,1
0.401883633,0.317796907,0.035691791,0.126110994,0.513027295,2.99932341,0.008440914,0.288572625,1
0.528397274,0.32432189,0.020558477,0.132018602,0.522935394,2.814682663,0.026934419,0.349176077,1
0.4909353,0.319150288,0.066172484,0.117057777,0.582093977,2.419074698,0.015601783,0.41248474,1
0.45288337,0.266650731,0.060440122,0.101544096,0.523572751,3.243026727,0.013388713,0.275236981,1
0.42077582,0.325746935,0.030265691,0.156598579,0.530723777,2.576971043,0.069514208,0.398695775,1
0.785806975,0.313138963,0.017039,0.03824309,0.518683467,2.950641026,0.033984093,0.417274939,1
0.818746155,0.345480226,0.000706215,0.027542373,0.447925671,3.216719078,0.012702079,0.30602037,1
0.700535974,0.327165175,0.004095253,0.032306992,0.566555225,3.317313617,0.024418337,0.259129724,1
0.628612032,0.359693878,0.017857143,0.090561224,0.564547206,3.164634146,0.008426966,0.28706774,1
0.507992895,0.411552347,0.007220217,0.039711191,0.52967033,2.954545455,0.018518519,0.500888099,1
0.241485291,0.283304391,0.038700074,0.217481187,0.501544369,2.576129032,0.066250974,0.42896569,1
0.414519904,0.220440575,0.091333428,0.192067902,0.530798295,2.571735974,0.007410636,0.304803991,1
0.437082911,0.346961903,0.026249239,0.083468183,0.536533391,2.711973529,0.021751067,0.423783506,1
0.367425485,0.289673314,0.022873765,0.060556951,0.521581021,2.37181952,0.06458774,0.432651518,1
0.486319115,0.277647927,0.018821503,0.125599705,0.522057556,2.935255438,0.031430935,0.353680885,1
0.517513841,0.385480337,0.006573636,0.041748357,0.520140105,2.261495363,0.017635844,0.497955096,1
0.323239358,0.331296372,0.018167497,0.108331639,0.54246836,2.436497285,0.02472026,0.435244654,1
0.19875195,0.213395639,0.085669782,0.195093458,0.556416465,2.155532359,0.025787966,0.370046802,1
0.512520851,0.270392903,0.082251872,0.103060456,0.529020388,2.906565576,0.040001384,0.360728139,1
0.753512133,0.378238342,0.015544041,0.041450777,0.49009901,2.767123288,0.013333333,0.504469987,1
0.531012331,0.397940128,0.011542269,0.072236638,0.526431364,2.895844019,0.023191036,0.321320167,1
0.615674131,0.332217677,0.004214702,0.037808355,0.519387059,3.251109318,0.019126913,0.32143878,1
0.371263335,0.307323404,0.089799525,0.073120203,0.579292005,2.725520796,0.016909295,0.353780834,1
0.442748092,0.164383562,0.123287671,0.178082192,0.631578947,1.838709677,0,0.450381679,1
0.600604572,0.312204352,0.048565121,0.075212867,0.541428571,3.180967656,0.048606147,0.389130298,1
0.706060606,0.254295533,0.037800687,0.130584192,0.447470817,3.352173913,0.032,0.391919192,1
0.408852715,0.367534264,0.020872627,0.157110524,0.510367601,2.804821575,0.192335713,0.536477497,1
0.540026772,0.295177338,0.0198203,0.112820877,0.508548994,2.884215124,0.011323604,0.332403028,1
0.286345559,0.278681999,0.048341442,0.116806723,0.529378977,2.401985942,0.01899696,0.418628874,1
0.215000193,0.183040717,0.110413058,0.115888055,0.529875163,2.084063063,0.01762149,0.358127301,1
0.230147178,0.225518054,0.030338714,0.181650123,0.565174591,2.071567196,0.017882342,0.461385407,1
0.45721694,0.302547771,0.015923567,0.101910828,0.495714286,2.1875,0,0.390665514,1
0.436179388,0.306309751,0.026768642,0.099043977,0.528768426,2.497624703,0.030161206,0.51185856,1
0.414535861,0.355508789,0.010547165,0.057217133,0.522716159,2.303989348,0.015314286,0.420160028,1
0.300265252,0.224109174,0.077937832,0.220924943,0.525997938,2.354022191,0.105056456,0.547161804,1
0.212990937,0.24184261,0.069097889,0.199616123,0.516393443,2.696132597,0.189542484,0.528700906,1
0.567799114,0.37593985,0.006151743,0.040328093,0.530638853,2.729537367,0.046296296,0.436927622,1
0.584378768,0.359060297,0.014808295,0.054597166,0.539220508,2.942779554,0.048427027,0.468098341,1
0.366479368,0.288083095,0.030460933,0.058822307,0.523732041,2.315163882,0.021615791,0.397177349,1
0.536161662,0.287149206,0.041844074,0.099332728,0.539458245,3.018269543,0.035173812,0.336724161,1
0.504149442,0.316091035,0.025011906,0.074728244,0.534617654,2.44453126,0.050347804,0.46382944,1
0.312863917,0.289071372,0.043941644,0.123263737,0.53276427,2.523498695,0.022533663,0.367128879,1
0.585623472,0.319093698,0.005546377,0.028911966,0.519717725,2.51373913,0.034521788,0.409535452,1
0.466476462,0.296791444,0.049465241,0.109625668,0.50148368,2.540201005,0.093877551,0.564194009,1
0.374020888,0.17831074,0.062565172,0.147028154,0.505703422,2.541062802,0.066869301,0.439295039,1
0.732612507,0.293989071,0.01147541,0.040437158,0.512378095,3.219806763,0.042590949,0.490210403,1
0.340574617,0.262123789,0.069772062,0.143533901,0.519885491,2.183733842,0.021102551,0.420780722,1
0.324570822,0.248850652,0.065290244,0.159629761,0.524962083,2.108105796,0.026216969,0.487743341,1
0.349529491,0.232692866,0.047522512,0.167226848,0.506393978,2.209763748,0.028881008,0.481310596,1
0.493218249,0.364963504,0.00243309,0.03163017,0.486988848,2.118110236,0.025974026,0.620221948,1
0.298672812,0.211351786,0.054061572,0.148103516,0.527412205,2.249762456,0.030452471,0.390480979,1
0.289166172,0.258617296,0.039423844,0.153820595,0.527540162,2.565596576,0.008492569,0.556904833,1
0.303179815,0.225147561,0.151968779,0.076595993,0.519444444,1.777489177,0.208333333,0.439314485,1
0.284587555,0.220336388,0.120707003,0.154936448,0.51664088,1.978865345,0.037165775,0.463217985,1
0.491354753,0.355952071,0.049101328,0.130567856,0.5153069,2.059493936,0.0227433,0.528088771,1
0.342552965,0.254259267,0.05517178,0.126291654,0.51426282,2.106288444,0.015470441,0.46870173,1
0.285154143,0.216498679,0.088269705,0.220819617,0.547362242,2.192147931,0.023424986,0.426079765,1
0.15741404,0.147927736,0.083740701,0.141445271,0.51050175,1.829730451,0.022967386,0.410727077,1
0.368347628,0.313919199,0.029138937,0.10481002,0.529701714,2.307279943,0.061290123,0.510913185,1
0.357673267,0.294797688,0.038535645,0.052023121,0.526119403,2.310344828,0,0.398514851,1
0.172473676,0.175603865,0.218417874,0.178743961,0.511544826,1.879494357,0.053015046,0.417163984,1
0.299233018,0.262841679,0.048894336,0.15181083,0.524938734,2.082384654,0.007067223,0.473170112,1
0.300917431,0.192257218,0.127296588,0.146981627,0.491071429,2.033282905,0.025522042,0.451376147,1
0.314103779,0.248075155,0.094452235,0.157255343,0.513158801,2.198867438,0.013157895,0.40081432,1
0.522131968,0.27290099,0.051798915,0.081042023,0.5260081,2.749687318,0.031701178,0.471517779,1
0.197122302,0.155913978,0.177419355,0.060035842,0.507692308,2.34375,0.004651163,0.381294964,1
0.47813104,0.313141733,0.061233083,0.132715505,0.542194567,2.15728644,0.027001301,0.480009848,1
0.246886473,0.218897864,0.071882617,0.169526359,0.520097759,2.268475376,0.024465327,0.409329782,1
0.179635258,0.320074113,0.051343292,0.064081408,0.419175028,2.166449935,0.014198783,0.569946809,1
0.448589529,0.30853181,0.053973808,0.116180908,0.523872905,2.199911765,0.040794881,0.471551518,1
0.610169188,0.316432442,0.027257279,0.087260035,0.520514499,2.588817933,0.02541876,0.473010474,1
0.303356197,0.224920072,0.103062583,0.153792487,0.526680534,2.260736327,0.02094337,0.408439115,1
0.425903486,0.271417929,0.036876086,0.131363298,0.537215787,2.281938326,0.037398922,0.444507805,1
0.411906677,0.30369357,0.016415869,0.097127223,0.470930233,2.429378531,0.044247788,0.479485117,1
0.275260936,0.206943859,0.091560334,0.165703328,0.528732897,2.260058466,0.028168008,0.422585807,1
0.474435412,0.28038602,0.042530058,0.081499708,0.516035476,2.491208766,0.029464897,0.475069614,1
0.258899676,0.183406114,0.074235808,0.11790393,0.502325581,2.311827957,0.052631579,0.414239482,1
0.268320087,0.274714279,0.032272682,0.134931024,0.526634609,2.307200948,0.029514955,0.361281232,1
0.365650445,0.272537313,0.043880597,0.10358209,0.494884537,2.271580345,0.021922428,0.395758379,1
0.126338269,0.182413714,0.092396441,0.11527556,0.51626506,2.081243731,0.008898117,0.372636674,1
0.458452714,0.286256809,0.041172162,0.099740663,0.516354248,2.25189879,0.032214076,0.480685955,1
0.396032313,0.235092288,0.062729336,0.185818536,0.534046838,2.386079358,0.044584319,0.554564673,1
0.561524358,0.262204003,0.037724883,0.101074923,0.508356907,2.308367362,0.026591026,0.493948649,1
0.555792683,0.247311828,0.047586365,0.166552276,0.520170163,2.194077889,0.03074141,0.539430894,1
0.553147199,0.280009424,0.018376723,0.099717281,0.56097691,2.324596774,0.007788162,0.359622713,1
0.425023185,0.286380031,0.031618219,0.104666996,0.500684469,2.168045953,0.008663859,0.506617629,1
0.442069097,0.266718266,0.123116615,0.134829721,0.481440915,2.072303283,0.043103448,0.493271617,1
0.439551783,0.256188611,0.066813444,0.090032416,0.520604569,2.345382963,0.026869721,0.486121862,1
0.293077539,0.199043907,0.13884652,0.201861717,0.572881046,2.334107327,0.009983361,0.382035649,1
0.230778268,0.219000749,0.131388516,0.105511512,0.518340012,2.116412566,0.004147313,0.43930018,1
0.324975466,0.222650287,0.125027259,0.178309224,0.528543747,2.192841968,0.031850011,0.403189401,1
0.193236715,0.149700599,0.143712575,0.155688623,0.518072289,2.184210526,0,0.54589372,1
0.333893179,0.180629012,0.111140462,0.15449439,0.552078808,2.068321244,0.045551678,0.407453074,1
0.335986147,0.256679818,0.139993611,0.108612464,0.549397446,2.277416374,0.014583726,0.44751357,1
0.409524603,0.234012962,0.068201458,0.14442344,0.467715493,2.432964785,0.016239316,0.513380179,1
0.393092105,0.249322493,0.10298103,0.135501355,0.489473684,2.375,0.023809524,0.440789474,1
0.239862872,0.219917667,0.036015181,0.181030219,0.523976815,2.189194539,0.004822742,0.451765991,1
0.496784099,0.248131756,0.0466075,0.103069118,0.508240398,2.471254517,0.031465986,0.440169044,1
0.49672346,0.229166667,0.036458333,0.1171875,0.469262295,2.368932039,0.017964072,0.425950197,1
0.517678514,0.381670429,0.018091955,0.088833041,0.527507227,1.956987867,0.033188448,0.525596292,1
0.289143868,0.2421013,0.130078905,0.147054972,0.519182869,1.954017144,0.035123967,0.487298244,1
0.305069538,0.252420917,0.102001291,0.178179471,0.524465886,2.310509554,0.048543689,0.346792284,1
0.256690166,0.210376312,0.098589012,0.161849274,0.54501498,2.310980485,0.043180282,0.401938818,1
0.248161875,0.18838143,0.123139919,0.174598817,0.528054021,2.310507205,0.024172198,0.372767377,1
0.511298734,0.291666667,0.040142276,0.139735772,0.504570384,2.205645161,0.074257426,0.500124162,1
0.459350806,0.292568568,0.055520005,0.125804156,0.518441502,2.105004982,0.038026511,0.509182555,1
0.236856369,0.202769886,0.068892045,0.148792614,0.512366035,2.303893637,0.010723861,0.362059621,1
0.431633649,0.327932761,0.018613463,0.11054837,0.546666048,2.246610524,0,0.468615399,1
0.577424023,0.272260274,0.08390411,0.160958904,0.535971223,2.095477387,0.028436019,0.481186686,1
0.264670296,0.190045249,0.106951872,0.168243521,0.539869281,2.148876404,0.032394366,0.467332123,1
0.342592593,0.070422535,0.084507042,0.070422535,0.421052632,1.727272727,0.052631579,0.453703704,1
0.376887457,0.247819063,0.071082391,0.118578352,0.524965132,2.415768194,0.014842301,0.401650896,1
0.378768118,0.204347536,0.072955565,0.159281994,0.532422671,2.205893583,0.038756579,0.387917732,1
0.424830262,0.346824058,0.043282743,0.152332771,0.513061651,2.075921909,0.012461059,0.378273521,1
0.486340762,0.43946816,0.021693492,0.10846746,0.520894644,1.921945701,0.025291829,0.560028756,1
0.461951118,0.251025368,0.041116006,0.137627222,0.597777778,2.269320843,0.01826484,0.41451947,1
0.31808462,0.218100636,0.116699431,0.149617283,0.527758453,2.005638193,0.023899033,0.499105144,1
0.49131525,0.300355421,0.043798882,0.113361998,0.503920339,2.548170756,0.011122995,0.398934943,1
0.293579773,0.213187315,0.038814961,0.156997897,0.54021259,2.247568303,0.119848562,0.420342184,1
0.299932482,0.283709936,0.076459332,0.11862411,0.542967599,2.066568513,0.038345926,0.448825529,1
0.496185226,0.288077731,0.024772409,0.089810924,0.515900371,2.251390922,0.029045643,0.475237045,1
0.41017316,0.339449541,0.005504587,0.069724771,0.496815287,2.343283582,0.011560694,0.554112554,1
0.366359196,0.25445944,0.060790875,0.122704143,0.534444589,2.306979763,0.029492095,0.416974952,1
0.452798678,0.255672375,0.074873275,0.115508295,0.52060472,2.574955026,0.028242257,0.462107633,1
0.443629196,0.251845291,0.023816553,0.076764098,0.515019455,2.417231001,0.03805056,0.516180255,1
0.417426506,0.266859177,0.071079874,0.147295776,0.512185735,2.209741193,0.018640592,0.454739748,1
0.476960577,0.323351263,0.067788595,0.091942632,0.531792566,2.546759374,0.015399243,0.461486008,1
0.552539209,0.309547507,0.025261518,0.119036576,0.530248981,2.133187945,0.04263494,0.500176226,1
0.422002435,0.310045189,0.051460225,0.124177594,0.524632139,2.205099904,0.022084243,0.513844554,1
0.324490921,0.260966934,0.064941506,0.0909123,0.53344036,2.288547433,0.000952381,0.400973301,1
0.329701732,0.219824141,0.037569944,0.138822276,0.53964703,2.383293839,0.036776213,0.437935346,1
0.157019403,0.185686654,0.061702128,0.131914894,0.509885057,2.050919378,0.009669621,0.396869395,1
0.348235621,0.270195309,0.03878563,0.123941145,0.512997281,2.237682889,0.015223527,0.453911746,1
0.215234148,0.18739396,0.045124602,0.154867096,0.512623522,2.299803973,0.009311283,0.427585477,1
0.394567504,0.29443025,0.011548288,0.096576392,0.501499001,2.493873313,0.006804573,0.502846182,1
0.157894737,0.25,0.0625,0.125,0.444444444,3,0,0.736842105,1
0.218322257,0.198785449,0.086103414,0.179458758,0.529779773,2.345212136,0.021278382,0.373496419,1
0.250292094,0.225974026,0.084329004,0.154285714,0.509228677,2.078756058,0,0.470855511,1
0.38147139,0.223201175,0.12041116,0.212922173,0.512101911,2.223796034,0.012711864,0.49137148,1
0.151515152,0.25,0.142857143,0.285714286,0.52173913,1.916666667,0,0.303030303,1
0.375176803,0.331432482,0.09169708,0.089644161,0.487931034,2.344339623,0,0.527227723,1
0.29293131,0.241739622,0.011013838,0.128494775,0.512894813,2.217866324,0.008188332,0.485223642,1
0.456607674,0.268528715,0.047285347,0.101845363,0.515656592,2.289495549,0.03555941,0.47481323,1
0.456792067,0.271409622,0.050009224,0.094220785,0.516006866,2.413311196,0.02738814,0.466220988,1
0.3,0.207353828,0.10066305,0.117540687,0.519556334,2.366022099,0.020661157,0.438818565,1
0.307569916,0.249471486,0.075131069,0.158960037,0.500809926,2.246276208,0.014654236,0.525197814,1
0.398744113,0.250652742,0.075718016,0.107049608,0.490740741,2.149253731,0.032,0.409733124,1
0.393544766,0.308536685,0.047539274,0.128442731,0.515501709,2.06614544,0.036514523,0.459645907,1
0.237132134,0.217564106,0.02143647,0.119252181,0.502442276,2.013906076,0.015570592,0.466422955,1
0.255388771,0.175257273,0.115756107,0.178428993,0.511863377,2.420152091,0.007682776,0.3834223,1
0.442622951,0.205882353,0.110294118,0.102941176,0.629411765,2.361111111,0,0.471311475,1
0.42362717,0.290957535,0.054711369,0.118964508,0.553163309,2.06761069,0.033357011,0.468425216,1
0.417506941,0.280983442,0.054189664,0.160561967,0.513281919,1.698689956,0.027414075,0.312436066,1
0.365627379,0.226207089,0.024699972,0.150097684,0.514147724,2.238425382,0.042135735,0.483118217,1
0.434493072,0.264280244,0.077700151,0.150758867,0.518150814,2.160401102,0.025909372,0.458477999,1
0.45437214,0.329373399,0.071045889,0.134637782,0.511017628,2.162911612,0.036182158,0.493390951,1
0.376762802,0.245700681,0.049878298,0.111518225,0.522640147,2.187176374,0.036512362,0.437903738,1
0.281707232,0.198170308,0.080281079,0.15876794,0.524184297,2.316925857,0.031201426,0.441524795,1
0.346324998,0.244541181,0.06974321,0.156158103,0.521304357,2.335836544,0.031849012,0.466716111,1
0.294573643,0.208791209,0.120879121,0.142857143,0.516129032,1.9375,0,0.403100775,1
0.211799944,0.134484431,0.146691842,0.125038691,0.600932874,2.004585463,0.058928571,0.519214116,1
0.388032876,0.276001259,0.097283685,0.058054203,0.458816834,2.151821862,0.018191302,0.530333581,1
0.307440035,0.200031719,0.136046988,0.162791151,0.525509877,2.043528692,0.026758514,0.414765754,1
0.366526756,0.250423774,0.079830856,0.147176204,0.515186594,2.305295411,0.029605473,0.439085785,1
0.332822869,0.269956644,0.131981637,0.146646264,0.519369085,2.040947721,0.014899211,0.496426748,1
0.369049977,0.226235353,0.121913445,0.117734724,0.437948805,2.311111111,0.055555556,0.495213574,1
0.221248969,0.162177391,0.210733913,0.128918261,0.518950483,2.478171147,0.012661499,0.413732187,1
0.390954849,0.422318527,0.014084507,0.075081257,0.520114943,1.720171674,0.01572327,0.451731651,1
0.436205916,0.228601247,0.055236883,0.170101194,0.537327497,2.193272104,0.054251799,0.450620521,1
0.389945652,0.207093548,0.10730546,0.187427578,0.573916493,2.160138953,0.036231884,0.454181763,1
0.398635859,0.279624568,0.091634139,0.169351697,0.517359216,2.053544902,0.021882188,0.493658806,1
0.373134328,0.215659341,0.129578755,0.199175824,0.500222717,2.006255585,0.020661157,0.44489093,1
0.119089865,0.206990521,0.072274882,0.122985782,0.511435739,2.129792583,0.015050167,0.38190168,1
0.378309479,0.248772978,0.056527568,0.115691973,0.460943465,2.308587985,0.038563594,0.457878825,1
0.600572656,0.159498208,0.02688172,0.055555556,0.516483516,1.520891365,0.073732719,0.435218325,1
0.620327648,0.258508946,0.065570905,0.033931249,0.528370849,2.360527754,0.016831032,0.428597277,1
0.599592312,0.284363636,0.018181818,0.107636364,0.543385491,2.33038674,0.173643411,0.4114735,1
0.380886153,0.258021113,0.035029896,0.121473969,0.523522816,2.451041613,0.033741496,0.455669228,1
0.141793803,0.1712503,0.082780827,0.138866076,0.509524833,2.105613763,0.009290836,0.39878379,1
0.37010631,0.235751402,0.053275192,0.133687732,0.54161108,2.108085882,0.015907927,0.46520685,1
0.395980876,0.279183869,0.083393167,0.167594088,0.583390518,1.767462972,0.012323944,0.47675183,1
0.44,0.321428571,0.035714286,0.089285714,0.586206897,1.933333333,0.052631579,0.46,1
0.608219178,0.314685315,0.013986014,0.13986014,0.487750557,2.375661376,0.045045045,0.498630137,1
0.37334114,0.236882552,0.102976535,0.132954926,0.566203438,2.331319235,0,0.442977787,1
0.325189102,0.252966847,0.080260248,0.137622788,0.51610352,2.075304394,0.027518278,0.408772628,1
0.351996589,0.273464912,0.071491228,0.185745614,0.537939394,2.215359828,0.058398555,0.362370328,1
0.195965973,0.140683214,0.268575851,0.129532455,0.549668029,1.969921105,0.006302521,0.345228327,1
0.362111055,0.229705825,0.120602914,0.145946827,0.513559223,2.354566774,0.012414988,0.481959789,1
0.253063875,0.271922199,0.023850918,0.110398783,0.51190262,2.444232742,0.022861809,0.500771041,1
0.243547074,0.210815495,0.056193574,0.16122418,0.516782085,1.901715245,0.043761341,0.457873986,1
0.405273342,0.258000699,0.089087526,0.124194299,0.515535467,2.01195638,0.022452576,0.561541061,1
0.319974113,0.260089508,0.071218634,0.139671767,0.51915561,2.214140996,0.029857393,0.445877406,1
0.273984281,0.28444432,0.022292028,0.114200295,0.53674229,2.562550177,0.008225108,0.52986227,1
0.249131076,0.29095594,0.023034577,0.110556928,0.519000701,2.634346717,0.005906328,0.537090353,1
0.340700215,0.221654361,0.077819895,0.127235397,0.482316864,2.045041851,0.023458005,0.448615253,1
0.442751126,0.383115339,0.028775268,0.087514863,0.510679238,2.203052141,0,0.534985423,1
0.442082111,0.353153745,0.041064389,0.14586071,0.508995937,2.00116144,0.025738799,0.406708211,1
0.385961169,0.302293259,0.016851981,0.090166782,0.49619096,2.013292434,0.022172949,0.614358865,1
0.291793246,0.253518229,0.075377349,0.13037794,0.515898647,2.130678796,0.027471409,0.533089891,1
0.212633556,0.171600791,0.167108037,0.176169302,0.505562149,2.094713325,0.002093802,0.436295185,1
0.253847641,0.299812328,0.09067828,0.110245136,0.484047891,1.970619851,0.011415525,0.574475579,1
0.320062938,0.346977898,0.019959405,0.186941813,0.446980647,2.437922987,0.006646972,0.4553992,1
0.203030009,0.205181322,0.052666212,0.130288555,0.509065972,2.173303923,0.007982089,0.421831601,1
0.363486494,0.254753959,0.028161802,0.088272684,0.589430014,2.322657677,0.227513228,0.411512114,1
0.481781377,0.333984375,0.041015625,0.130859375,0.534361851,2.277955272,0.009478673,0.509109312,1
0.419772372,0.271538462,0.066923077,0.139615385,0.523424334,1.964900662,0.035714286,0.518411069,1
0.464257521,0.333333333,0.024230517,0.132285527,0.508081611,2.110148169,0,0.471011315,1
0.326285964,0.26474028,0.062461518,0.156250713,0.51185276,2.176821566,0.029656608,0.492841247,1
0.294044665,0.281195079,0.069712947,0.118336262,0.506542056,2.22299169,0.010080645,0.512406948,1
0.188767681,0.187435298,0.061772023,0.13759275,0.513876472,2.018174823,0.01243307,0.439817441,1
0.339852608,0.330613997,0.025332761,0.094031773,0.530125354,2.473,0.03348554,0.586734694,1
0.441573693,0.324921136,0.042481598,0.118191377,0.497013652,1.789312977,0,0.553376395,1
0.174740152,0.184815833,0.053075852,0.136123796,0.510488695,1.989986668,0.0119007,0.439742748,1
0.292045775,0.250212858,0.059855757,0.120287955,0.560823306,2.074609847,0.025455708,0.482658901,1
0.278647289,0.297559086,0.027508718,0.112746997,0.491307947,2.294396961,0.018678161,0.578256009,1
0.476055967,0.340635476,0.040573838,0.138154652,0.523265011,2.074343598,0.028632047,0.424398437,1
0.251164688,0.210798184,0.161501877,0.127151555,0.555442588,2.137488399,0.022115504,0.402250615,1
0.318281998,0.218603894,0.129210056,0.137087077,0.503463302,1.98950439,0.054328023,0.482620701,1
0.601142584,0.322772328,0.034879673,0.047331229,0.545578273,2.617154569,0.043075791,0.412695717,1
0.675830663,0.187908497,0.055555556,0.12745098,0.50308642,2.227272727,0.0625,0.416512059,1
0.650214592,0.423312883,0.024539877,0.098159509,0.523961661,2.188811189,0.047619048,0.384120172,1
0.207591934,0.283433134,0.067365269,0.138223553,0.522511848,2.117942284,0.333333333,0.408857256,1
0.149892934,0.156675063,0.076070529,0.137027708,0.522435897,1.967213115,0.020661157,0.362740899,1
0.291101056,0.189361702,0.061702128,0.122340426,0.536734694,1.644295302,0.095890411,0.561840121,1
0.534335313,0.291641245,0.021293472,0.066625991,0.517135911,2.499950985,0.031900139,0.471716339,1
0.444953567,0.227891303,0.114572339,0.114118455,0.532600302,2.084535706,0.048375438,0.481928427,1
0.579149268,0.292086795,0.024441397,0.066871017,0.520962769,2.746681835,0.030748206,0.431102964,1
0.160887382,0.171784255,0.051942992,0.136720697,0.510311064,1.995783885,0.01374052,0.399952864,1
0.411321796,0.298498274,0.024519976,0.111085658,0.526828397,2.199929001,0.025699169,0.469347442,1
0.371125556,0.271614632,0.063346279,0.119545533,0.532609583,2.340147931,0.02182777,0.400562108,1
0.212443096,0.193641618,0.184007707,0.147398844,0.530795073,2.167475728,0.136363636,0.389984825,1
0.297159897,0.204488671,0.076943511,0.146341288,0.44684265,1.883445946,0.0078125,0.459861884,1
0.211544154,0.191388217,0.116660461,0.168603322,0.504907735,2.063394827,0.018157275,0.411215882,1
0.199033922,0.267817982,0.091145833,0.108963816,0.512034289,2.135915493,0.1,0.401910199,1
0.203125,0.159313725,0.193627451,0.171568627,0.586956522,1.604651163,0,0.494140625,1
0.283366265,0.267326733,0.010903622,0.090738188,0.499965793,1.876861839,0.015884653,0.484686546,1
0.478070175,0.260504202,0,0.159663866,0.512987013,1.974358974,0,0.574561404,1
0.164228984,0.229784203,0.044567839,0.130627641,0.51461622,1.966898025,0.007616653,0.439689348,1
0.557971014,0.31352459,0.038934426,0.151639344,0.506976744,1.842857143,0.021551724,0.494565217,1
